,TIMESTAMP,PM2.5,PM10,TEMPERATURE,HUMIDITY,NO2,Ozone,WS,WD,SR
0,2025-07-01 14:00:00,16.0,19.5,25.8,80.75,13.93,23.85,1.11,175.39,66.42
1,2025-07-01 15:00:00,16.01,19.55,25.82,80.83,15.38,21.56,0.8,176.21,40.23
2,2025-07-01 16:00:00,16.02,19.6,25.84,80.9,12.55,16.89,0.91,162.93,49.1
3,2025-07-02 08:00:00,16.17,20.38,26.15,82.14,7.32,16.68,0.67,154.23,9.45
4,2025-07-02 09:00:00,16.18,20.43,26.17,82.21,8.34,16.46,0.83,148.5,26.13
5,2025-07-02 10:00:00,16.19,20.48,26.19,82.29,5.39,16.68,0.66,166.47,5.45
6,2025-07-02 14:00:00,16.22,20.68,26.26,82.6,2.75,15.65,0.49,123.14,26.27
7,2025-07-02 15:00:00,16.23,20.72,26.28,82.67,3.54,16.11,0.45,141.72,27.65
8,2025-07-02 17:00:00,16.25,20.82,26.32,82.83,4.61,16.37,0.56,128.9,4.0
9,2025-07-03 07:00:00,16.38,21.51,26.59,83.91,5.57,16.98,0.72,152.7,3.5
10,2025-07-03 08:00:00,16.39,21.56,26.61,83.98,7.07,17.43,0.77,153.2,25.9
11,2025-07-03 09:00:00,16.4,21.61,26.63,84.06,6.73,18.01,0.75,157.85,48.88
12,2025-07-03 10:00:00,16.41,21.65,26.65,84.14,9.18,17.94,0.67,151.52,150.0
13,2025-07-03 11:00:00,16.42,21.7,26.67,84.21,7.59,19.01,0.8,156.34,145.38
14,2025-07-03 12:00:00,16.43,21.75,26.69,84.29,7.54,20.19,1.15,177.15,376.65
15,2025-07-03 13:00:00,16.44,21.8,26.71,84.37,7.62,21.16,0.87,163.23,547.65
16,2025-07-03 14:00:00,16.45,21.85,26.73,84.45,6.48,21.71,0.71,150.21,336.62
17,2025-07-03 15:00:00,16.46,21.9,26.75,84.52,9.44,20.56,0.54,148.25,118.88
18,2025-07-03 16:00:00,16.47,21.95,26.76,84.6,7.53,19.15,0.56,137.4,53.62
19,2025-07-03 17:00:00,16.48,22.0,26.78,84.68,9.79,18.25,0.6,143.28,9.97
20,2025-07-03 18:00:00,16.48,22.05,26.8,84.75,8.89,16.83,0.57,133.68,7.9
21,2025-07-04 11:00:00,16.64,22.88,27.13,86.06,7.04,19.11,0.58,155.89,162.38
22,2025-07-04 12:00:00,16.65,22.93,27.15,86.14,4.89,20.28,0.77,164.37,244.78
23,2025-07-04 13:00:00,16.66,22.98,27.17,86.22,25.73,20.26,0.99,170.39,343.15
24,2025-07-04 14:00:00,16.67,23.03,27.19,86.29,15.14,19.58,0.65,142.91,43.72
25,2025-07-04 15:00:00,16.68,23.07,27.21,86.37,6.42,21.61,0.88,157.5,122.23
26,2025-07-04 16:00:00,16.69,23.12,27.23,86.45,5.63,22.46,0.8,155.7,136.4
27,2025-07-04 17:00:00,16.7,23.17,27.25,86.52,4.62,19.83,0.66,149.85,24.52
28,2025-07-04 18:00:00,16.71,23.22,27.27,86.6,6.81,17.61,0.52,154.25,0.4
29,2025-07-05 14:00:00,16.9,24.2,27.65,88.14,8.68,24.82,0.85,168.34,57.62
30,2025-07-05 15:00:00,16.9,24.25,27.67,88.22,7.38,23.55,0.98,168.29,63.47
31,2025-07-05 16:00:00,16.91,24.3,27.69,88.3,8.28,21.89,0.86,169.38,22.95
32,2025-07-05 17:00:00,16.92,24.35,27.71,88.37,9.55,20.55,0.84,165.93,35.27
33,2025-07-07 11:00:00,17.31,26.4,28.52,91.61,4.64,21.37,0.65,150.13,172.3
34,2025-07-07 12:00:00,17.32,26.45,28.54,91.68,5.07,21.61,0.81,168.78,72.05
35,2025-07-07 13:00:00,17.33,26.5,28.56,91.76,6.09,23.04,0.71,149.53,56.72
36,2025-07-07 14:00:00,17.34,26.55,28.58,91.84,4.27,24.84,0.85,164.05,40.17
37,2025-07-07 15:00:00,17.35,26.6,28.6,91.91,4.49,22.3,0.83,165.73,36.25
38,2025-07-07 16:00:00,17.36,26.65,28.62,91.99,4.45,21.36,0.95,161.33,1.2
39,2025-07-16 12:00:00,21.16,39.02,29.21,98.64,0.34,18.94,12.68,67.66,362.5
40,2025-07-16 13:00:00,17.61,29.56,29.67,95.26,3.6,23.29,16.5,44.89,452.6
41,2025-07-16 14:00:00,17.07,26.77,29.67,95.89,6.06,23.61,6.88,128.81,272.7
42,2025-07-16 15:00:00,16.5,26.56,29.2,97.68,10.58,17.42,1.99,171.62,297.62
43,2025-07-16 16:00:00,17.72,32.18,29.14,96.83,9.46,17.47,1.99,171.53,182.03
44,2025-07-16 17:00:00,18.32,31.23,28.9,97.75,14.01,17.02,2.01,171.67,66.2
45,2025-07-17 08:00:00,27.79,44.16,28.16,100.0,27.81,15.26,1.94,171.62,10.93
46,2025-07-17 09:00:00,20.28,34.04,28.84,98.07,28.86,15.75,1.96,171.58,45.5
47,2025-07-17 10:00:00,20.03,34.56,29.32,96.24,20.84,15.46,1.99,171.75,43.72
48,2025-07-17 11:00:00,20.32,35.55,29.62,94.35,20.23,16.39,1.94,171.25,120.02
49,2025-07-17 12:00:00,20.12,35.3,30.07,91.98,14.81,17.36,1.93,171.07,182.72
50,2025-07-17 13:00:00,19.84,35.54,30.49,90.29,16.09,19.41,1.92,170.91,133.0
51,2025-07-17 14:00:00,18.54,29.46,30.6,88.88,15.55,19.46,1.92,170.76,190.03
52,2025-07-17 15:00:00,18.17,30.29,30.47,89.97,12.8,19.56,1.91,170.67,156.18
53,2025-07-17 16:00:00,17.05,28.61,30.35,88.8,20.06,19.39,1.91,170.64,106.75
54,2025-07-17 17:00:00,18.14,28.75,29.87,90.02,18.75,19.02,1.91,170.6,7.8
55,2025-07-18 08:00:00,22.5,37.22,28.78,96.94,27.45,15.0,1.9,170.96,6.85
56,2025-07-18 09:00:00,17.15,26.55,29.75,91.79,23.53,15.87,1.9,170.9,19.35
57,2025-07-18 10:00:00,18.01,28.51,30.47,88.23,24.2,15.51,1.9,170.85,100.03
58,2025-07-18 11:00:00,16.49,28.12,30.56,87.29,17.89,16.52,1.91,170.78,369.35
59,2025-07-18 12:00:00,17.39,28.31,31.17,84.57,19.04,19.55,1.9,170.62,450.57
60,2025-07-18 13:00:00,17.79,27.33,31.35,82.85,14.23,20.78,1.9,170.58,381.78
61,2025-07-18 14:00:00,17.89,28.9,31.19,81.92,14.67,20.97,1.9,170.54,305.2
62,2025-07-18 15:00:00,17.81,29.49,30.58,84.16,12.04,19.34,1.9,170.52,156.97
63,2025-07-18 16:00:00,18.96,33.6,30.16,84.63,14.7,19.17,1.9,170.52,150.43
64,2025-07-18 17:00:00,20.19,38.7,29.81,85.53,17.24,19.24,1.9,170.52,49.63
65,2025-07-20 08:00:00,19.33,33.73,27.56,99.88,21.24,14.91,2.06,176.9,3.8
66,2025-07-20 09:00:00,19.73,31.56,28.28,99.4,23.42,15.32,2.08,178.56,27.3
67,2025-07-20 10:00:00,17.15,26.83,28.58,97.22,20.0,15.69,1.97,173.51,50.2
68,2025-07-20 11:00:00,16.34,25.73,28.09,98.82,16.04,16.36,2.15,181.45,39.32
69,2025-07-20 12:00:00,17.66,28.91,27.06,100.0,17.86,17.11,2.15,182.02,65.9
70,2025-07-20 13:00:00,19.67,32.62,27.31,100.0,16.89,16.73,2.14,182.06,49.0
71,2025-07-20 14:00:00,18.33,29.41,27.94,99.65,21.79,16.84,2.01,177.64,172.85
72,2025-07-20 15:00:00,18.13,27.03,28.09,98.33,16.79,16.73,1.95,173.09,128.0
73,2025-07-20 16:00:00,18.19,28.5,27.87,97.31,16.29,17.66,1.96,172.63,113.53
74,2025-07-20 17:00:00,18.26,29.97,27.65,96.29,15.98,17.76,1.98,172.9,17.5
75,2025-07-21 08:00:00,19.68,30.13,25.91,100.0,19.6,14.72,2.14,179.93,7.9
76,2025-07-21 09:00:00,19.34,28.41,26.11,100.0,18.47,15.14,2.13,179.85,62.55
77,2025-07-21 10:00:00,20.96,32.88,26.6,100.0,18.47,15.04,2.11,179.19,14.0
78,2025-07-21 11:00:00,28.24,45.52,27.08,100.0,20.78,15.43,2.03,176.6,107.9
79,2025-07-21 12:00:00,24.33,37.92,27.39,100.0,19.11,16.3,1.92,173.24,161.77
80,2025-07-21 13:00:00,20.16,30.71,27.13,100.0,15.71,17.42,1.92,173.28,27.0
81,2025-07-21 15:00:00,17.8,26.58,26.79,100.0,23.09,16.11,2.12,179.06,12.17
82,2025-07-21 16:00:00,22.99,38.73,26.72,100.0,25.92,15.7,2.06,177.18,1.2
83,2025-07-21 17:00:00,20.74,32.9,26.83,100.0,20.6,15.29,2.08,178.2,3.9
84,2025-07-23 11:00:00,27.69,45.03,25.81,100.0,22.92,15.39,2.15,180.76,42.8
85,2025-07-23 12:00:00,27.24,41.31,25.8,100.0,22.77,15.45,2.14,180.71,13.12
86,2025-07-23 13:00:00,25.74,41.31,25.93,100.0,12.36,16.41,2.13,180.0,4.3
87,2025-07-23 14:00:00,23.27,39.09,26.31,100.0,17.75,15.91,2.12,179.32,19.6
88,2025-07-24 08:00:00,22.62,39.01,26.74,100.0,30.59,14.12,2.13,181.27,18.3
89,2025-07-25 12:00:00,19.81,34.26,26.2,100.0,16.23,13.25,2.11,178.57,4.7
90,2025-07-26 13:00:00,19.78,32.54,27.1,100.0,11.53,20.27,1.99,173.31,145.0
91,2025-07-26 14:00:00,18.6,30.44,27.49,100.0,12.27,20.56,2.0,173.71,71.73
92,2025-07-26 15:00:00,17.24,30.31,27.36,100.0,14.38,18.72,1.99,173.61,32.93
93,2025-07-28 15:00:00,21.28,33.7,27.46,97.4,15.15,18.47,2.0,173.97,10.83
94,2025-07-28 16:00:00,20.92,33.12,27.82,95.17,13.57,20.39,1.98,173.55,22.88
95,2025-07-28 17:00:00,22.27,34.66,27.75,95.99,11.46,20.42,1.98,173.63,0.1
96,2025-07-29 08:00:00,21.6,33.23,27.09,96.71,15.05,19.04,2.0,174.16,0.6
97,2025-07-29 09:00:00,22.28,34.54,27.45,96.96,15.78,19.39,2.01,174.37,42.0
98,2025-07-29 10:00:00,22.52,34.58,28.01,92.75,16.17,20.32,1.99,173.69,128.88
99,2025-07-29 11:00:00,20.11,29.55,28.39,90.63,12.14,22.4,1.99,173.82,193.57
100,2025-07-29 12:00:00,20.97,32.9,28.5,90.81,14.81,21.08,1.98,173.87,99.2
101,2025-07-29 13:00:00,21.69,31.66,28.6,89.67,11.71,22.06,1.98,173.99,97.3
102,2025-07-29 14:00:00,19.62,28.3,28.11,92.23,15.75,21.32,2.0,174.06,39.38
103,2025-07-30 08:00:00,20.33,31.92,26.87,100.0,14.82,17.28,2.06,178.47,16.2
104,2025-07-30 09:00:00,21.46,35.4,27.18,100.0,13.56,17.45,2.05,177.1,12.0
105,2025-07-30 10:00:00,20.37,32.73,27.63,98.69,18.98,17.79,2.02,174.8,16.2
106,2025-07-30 11:00:00,25.53,42.77,27.96,96.74,10.91,20.19,2.01,174.33,66.47
107,2025-07-30 12:00:00,21.81,36.46,27.68,99.2,12.0,19.91,2.07,179.06,66.42
108,2025-07-30 13:00:00,19.75,29.9,27.98,96.62,14.1,20.27,2.03,175.32,56.22
109,2025-07-30 14:00:00,21.57,33.56,27.39,98.9,14.74,20.5,2.02,174.56,91.67
110,2025-07-30 15:00:00,20.57,32.55,27.28,99.99,16.29,17.91,2.05,176.85,14.05
111,2025-07-30 16:00:00,24.03,43.96,27.14,100.0,13.79,18.23,2.04,175.9,3.35
112,2025-07-31 08:00:00,19.91,31.69,27.44,98.45,14.83,17.31,2.08,180.64,1.65
113,2025-07-31 09:00:00,21.59,35.93,27.93,96.75,14.32,18.59,2.03,175.78,58.03
114,2025-07-31 10:00:00,22.47,36.58,28.4,94.02,10.47,19.45,2.03,175.6,45.67
115,2025-07-31 11:00:00,26.65,43.63,28.96,91.35,11.4,33.88,2.02,175.38,166.07
116,2025-07-31 12:00:00,25.9,43.05,29.03,90.93,9.33,14.28,2.02,175.53,154.72
117,2025-07-31 14:00:00,20.36,32.47,29.25,89.84,2.66,12.05,2.02,175.57,90.38
118,2025-07-31 15:00:00,29.01,48.18,29.24,89.22,13.74,10.81,2.0,175.34,308.45
119,2025-07-31 17:00:00,23.82,39.43,28.76,91.69,15.33,5.68,1.95,172.92,7.25
120,2025-08-01 08:00:00,22.81,36.29,28.14,95.38,18.05,5.71,1.9,172.16,3.65
121,2025-08-01 09:00:00,22.04,36.66,28.3,94.32,17.48,6.81,1.9,172.12,18.93
122,2025-08-01 10:00:00,21.83,36.31,28.68,93.19,18.29,8.38,1.9,172.07,47.47
123,2025-08-01 11:00:00,22.73,37.41,29.35,89.24,18.82,10.22,1.9,172.09,93.15
124,2025-08-01 12:00:00,37.01,64.3,29.84,86.41,19.12,12.53,1.9,172.04,282.48
125,2025-08-01 13:00:00,28.87,47.81,30.29,84.56,19.89,15.04,1.89,171.83,262.4
126,2025-08-01 14:00:00,21.46,31.76,30.16,84.74,17.12,16.26,1.89,171.83,333.9
127,2025-08-01 15:00:00,28.14,43.11,29.39,88.12,18.81,15.55,1.9,171.96,156.07
128,2025-08-01 16:00:00,38.17,70.19,28.84,92.14,17.17,11.79,1.91,172.37,13.27
129,2025-08-01 17:00:00,27.48,40.74,28.83,91.01,19.51,12.16,1.9,172.2,14.65
130,2025-08-02 08:00:00,21.03,32.89,27.29,99.78,8.25,2.92,1.99,175.08,2.9
131,2025-08-02 09:00:00,21.99,33.72,27.8,97.29,5.55,5.65,1.93,174.0,19.47
132,2025-08-02 10:00:00,21.96,33.63,28.82,92.04,7.28,6.06,1.93,173.58,139.15
133,2025-08-04 15:00:00,20.25,27.76,30.97,82.19,14.41,2.58,1.94,172.81,144.7
134,2025-08-04 16:00:00,19.88,28.26,30.29,83.55,35.33,2.54,1.95,172.66,83.12
135,2025-08-04 17:00:00,19.13,26.88,29.74,84.47,9.58,2.42,1.95,172.49,64.73
136,2025-08-05 08:00:00,30.57,42.53,27.76,99.18,6.85,1.95,2.02,172.94,1.7
137,2025-08-05 09:00:00,28.48,41.3,28.46,97.13,11.3,1.9,2.02,172.82,39.92
138,2025-08-05 10:00:00,25.02,36.56,28.9,92.36,8.67,2.01,2.02,172.63,128.07
139,2025-08-05 11:00:00,21.77,33.58,29.49,88.94,6.29,2.27,2.02,172.5,74.2
140,2025-08-05 12:00:00,21.78,32.93,30.32,87.43,11.29,2.41,2.02,172.45,66.07
141,2025-08-05 13:00:00,21.27,30.7,31.02,83.23,7.89,2.35,2.05,175.09,56.47
142,2025-08-05 14:00:00,21.32,30.32,31.13,81.35,9.73,2.62,2.11,179.9,134.38
143,2025-08-05 15:00:00,20.46,28.16,30.82,82.17,5.88,2.76,2.03,174.06,356.18
144,2025-08-05 16:00:00,20.88,30.28,30.14,85.46,10.2,3.18,2.04,173.46,238.2
145,2025-08-05 17:00:00,20.84,30.29,29.59,87.61,4.14,2.83,2.04,173.16,72.65
146,2025-08-05 18:00:00,27.28,40.6,29.11,90.24,4.23,2.38,2.03,172.75,0.4
147,2025-08-06 09:00:00,48.21,72.14,28.39,95.89,6.33,1.95,2.04,172.66,40.8
148,2025-08-06 10:00:00,46.27,69.68,28.4,95.26,12.46,2.11,2.04,172.55,31.0
149,2025-08-06 11:00:00,29.78,44.29,28.91,91.08,7.94,3.17,2.04,172.49,72.33
150,2025-08-06 12:00:00,41.08,59.87,28.97,92.7,10.02,3.65,2.04,172.39,117.62
151,2025-08-06 13:00:00,33.88,47.77,29.06,92.32,10.26,6.31,2.04,172.22,127.77
152,2025-08-06 14:00:00,30.17,44.0,29.37,90.46,10.38,3.0,2.04,172.22,188.8
153,2025-08-06 15:00:00,47.32,74.18,29.4,88.61,10.48,2.4,2.04,172.16,7.75
154,2025-08-06 16:00:00,45.64,70.52,28.86,91.42,10.17,2.75,2.03,172.07,18.5
155,2025-08-07 08:00:00,35.98,49.65,26.49,100.0,10.18,2.65,2.07,176.72,12.2
156,2025-08-07 09:00:00,32.28,44.9,26.28,100.0,10.26,2.7,2.03,174.01,20.95
157,2025-08-07 10:00:00,33.4,46.76,26.43,100.0,10.59,2.66,2.03,173.47,23.55
158,2025-08-07 11:00:00,26.22,40.13,26.41,100.0,10.37,2.59,2.04,173.07,49.45
159,2025-08-07 12:00:00,34.61,48.82,26.87,100.0,10.48,2.15,2.04,172.99,23.92
160,2025-08-07 13:00:00,26.61,40.05,27.77,98.32,10.46,2.22,2.04,173.03,274.8
161,2025-08-07 14:00:00,23.86,37.91,29.01,93.69,10.52,2.43,2.04,173.01,202.18
162,2025-08-07 15:00:00,32.9,44.91,29.43,92.01,10.26,2.73,2.04,172.8,193.43
163,2025-08-07 16:00:00,23.08,35.47,29.09,92.08,10.16,2.77,2.04,172.47,21.6
164,2025-08-07 17:00:00,21.59,32.33,28.8,92.53,10.48,2.42,2.03,172.3,13.43
165,2025-08-07 18:00:00,26.29,37.86,28.19,96.03,10.37,2.08,2.02,172.21,1.7
166,2025-08-08 09:00:00,27.06,43.4,27.4,100.0,10.3,1.91,2.02,172.08,37.3
167,2025-08-08 10:00:00,27.99,44.82,26.61,100.0,10.25,1.91,2.02,172.03,42.85
168,2025-08-09 08:00:00,45.32,70.8,26.59,100.0,10.34,1.64,1.99,175.47,32.1
169,2025-08-09 09:00:00,38.75,58.03,27.1,99.97,10.36,1.54,1.95,173.23,37.42
170,2025-08-09 10:00:00,38.91,59.99,28.06,98.45,10.31,1.79,1.95,172.75,110.85
171,2025-08-09 11:00:00,25.26,42.59,27.29,99.1,10.47,1.93,1.97,172.41,91.7
172,2025-08-09 12:00:00,25.68,44.76,27.28,100.0,10.65,1.74,2.0,173.52,27.7
173,2025-08-09 13:00:00,24.14,40.39,28.36,98.19,10.45,1.75,1.98,173.31,68.5
174,2025-08-09 14:00:00,20.2,32.39,29.51,90.28,10.22,1.81,1.98,173.03,151.0
175,2025-08-09 15:00:00,17.61,27.5,29.98,87.35,10.48,1.92,1.98,172.67,241.82
176,2025-08-09 16:00:00,20.29,30.39,29.35,89.84,10.49,2.32,2.0,172.45,143.15
177,2025-08-09 17:00:00,19.37,29.94,28.95,91.75,10.41,2.38,2.01,172.31,106.5
178,2025-08-10 08:00:00,28.09,46.78,26.66,100.0,10.34,1.59,1.98,172.54,7.22
179,2025-08-10 09:00:00,36.57,55.62,27.61,98.88,10.45,1.71,1.98,172.29,34.62
180,2025-08-10 10:00:00,36.19,56.38,27.83,99.77,10.34,1.71,1.98,172.24,84.3
181,2025-08-10 11:00:00,29.19,48.93,27.78,99.86,10.08,1.87,2.08,179.09,23.9
182,2025-08-10 12:00:00,20.91,34.76,28.91,92.77,10.38,1.83,2.04,175.45,338.98
183,2025-08-10 13:00:00,24.31,39.19,29.33,92.03,10.72,2.51,2.0,172.59,264.45
184,2025-08-10 14:00:00,17.04,25.87,29.14,90.2,10.27,2.37,2.0,172.34,35.35
185,2025-08-10 15:00:00,17.73,27.63,27.53,98.77,10.07,2.12,2.0,172.44,26.6
186,2025-08-11 08:00:00,26.45,45.0,27.19,100.0,10.12,1.62,1.99,173.34,1.4
187,2025-08-11 09:00:00,26.17,44.84,27.96,99.55,10.41,1.54,1.98,172.83,23.95
188,2025-08-11 10:00:00,18.5,29.17,28.98,93.08,10.39,1.83,1.98,172.51,54.75
189,2025-08-11 11:00:00,20.0,30.09,29.69,88.53,10.27,2.04,1.99,172.32,9.7
190,2025-08-11 12:00:00,21.43,34.81,30.4,86.09,9.98,4.56,2.0,173.02,165.57
191,2025-08-11 13:00:00,27.16,40.0,29.82,87.41,10.61,4.12,1.98,172.93,72.45
192,2025-08-11 14:00:00,21.98,32.46,30.01,85.18,10.28,3.2,1.97,172.78,203.82
193,2025-08-11 15:00:00,22.3,36.3,30.11,84.98,10.19,2.21,1.98,173.02,206.23
194,2025-08-11 16:00:00,24.74,36.89,29.44,88.23,10.14,2.75,2.04,175.05,77.0
195,2025-08-11 17:00:00,21.98,34.56,28.83,90.4,10.46,2.41,1.97,172.53,80.28
196,2025-08-12 12:00:00,32.62,44.71,29.57,87.49,14.73,1.71,2.09,179.67,15.6
197,2025-08-12 13:00:00,34.43,48.0,29.83,86.61,14.37,1.73,2.07,178.85,95.9
198,2025-08-12 14:00:00,32.04,44.88,29.35,88.5,14.12,2.07,1.94,173.54,124.15
199,2025-08-12 15:00:00,22.11,34.12,30.19,84.57,15.26,1.79,1.94,173.05,97.38
200,2025-08-12 16:00:00,21.66,33.15,29.49,86.9,14.77,1.76,1.94,172.84,43.6
201,2025-08-12 17:00:00,22.08,33.6,29.15,86.92,14.75,1.68,1.95,172.69,39.7
202,2025-08-13 09:00:00,31.7,45.47,26.66,100.0,10.11,0.85,2.07,178.76,17.53
203,2025-08-13 10:00:00,29.74,44.05,27.49,99.58,10.19,1.55,2.08,178.79,6.7
204,2025-08-13 11:00:00,23.29,33.75,27.83,98.12,10.34,3.79,2.08,179.26,79.28
205,2025-08-13 12:00:00,27.43,38.23,28.1,95.42,10.17,4.05,2.06,178.75,12.6
206,2025-08-13 13:00:00,26.7,38.66,27.49,95.15,10.21,3.62,2.06,178.5,13.02
207,2025-08-13 14:00:00,22.55,33.77,26.98,95.8,10.24,4.08,2.03,176.5,2.03
208,2025-08-14 10:00:00,23.74,36.4,25.34,100.0,10.5,4.41,2.05,177.02,25.55
209,2025-08-14 11:00:00,26.61,42.05,25.8,100.0,10.37,5.18,1.95,174.06,15.88
210,2025-08-14 12:00:00,29.6,45.23,26.17,100.0,10.49,5.49,1.93,173.68,122.7
211,2025-08-14 13:00:00,28.61,41.7,26.98,98.8,10.03,4.97,1.92,173.04,184.92
212,2025-08-14 14:00:00,38.28,57.26,27.79,96.41,10.34,6.04,1.92,172.67,324.23
213,2025-08-14 15:00:00,34.92,52.22,28.36,92.09,10.29,7.61,1.92,172.52,237.03
214,2025-08-14 16:00:00,30.38,44.24,28.03,93.52,10.26,9.51,1.94,172.39,136.97
215,2025-08-14 17:00:00,20.13,29.99,27.58,96.07,10.46,6.85,1.96,172.29,35.75
216,2025-08-18 09:00:00,20.91,27.56,25.44,100.0,10.53,5.84,2.08,179.1,2.2
217,2025-08-18 10:00:00,14.99,21.33,25.33,100.0,10.21,5.32,2.08,179.12,0.6
218,2025-08-18 11:00:00,13.89,21.03,25.17,100.0,10.41,7.59,2.08,178.66,1.3
219,2025-08-18 12:00:00,13.65,19.75,25.16,100.0,10.17,8.0,2.08,178.72,5.9
220,2025-08-19 13:00:00,16.32,22.62,25.75,100.0,10.13,10.08,2.08,177.98,1.83
221,2025-08-19 14:00:00,25.57,32.9,25.31,100.0,10.5,10.47,2.08,178.06,8.2
222,2025-08-20 10:00:00,19.86,31.89,25.89,100.0,10.13,12.55,2.1,179.3,1.5
223,2025-08-20 11:00:00,16.76,27.93,26.32,100.0,10.38,11.71,2.12,181.21,3.25
224,2025-08-20 12:00:00,22.67,35.73,26.67,99.85,10.19,10.74,2.1,180.32,14.15
225,2025-08-20 13:00:00,17.08,27.05,26.82,98.86,10.54,12.6,2.01,172.78,4.72
226,2025-08-20 14:00:00,19.18,28.07,27.01,98.68,10.3,13.0,1.99,173.1,11.65
227,2025-08-20 16:00:00,14.89,24.09,26.9,98.85,10.27,9.85,2.05,175.65,1.2
228,2025-08-20 17:00:00,15.55,24.5,26.37,100.0,10.26,9.77,2.1,180.06,8.0
229,2025-08-21 08:00:00,18.39,27.97,26.68,100.0,10.25,8.54,2.0,173.12,3.17
230,2025-08-21 09:00:00,16.63,26.11,27.14,99.9,10.38,8.11,1.98,172.84,28.15
231,2025-08-21 10:00:00,17.84,26.65,26.61,99.96,10.15,10.17,2.02,174.86,74.05
232,2025-08-21 11:00:00,17.97,27.94,26.7,100.0,10.16,9.97,2.02,174.3,46.3
233,2025-08-21 12:00:00,21.06,33.54,26.96,99.79,10.32,9.32,2.05,175.3,67.83
234,2025-08-21 13:00:00,16.02,24.85,27.63,97.63,10.38,9.42,1.98,172.88,147.18
235,2025-08-21 14:00:00,22.69,31.9,28.01,96.06,10.23,10.04,1.97,172.62,220.07
236,2025-08-21 15:00:00,19.32,28.22,28.15,94.99,10.14,10.54,1.96,172.63,127.0
237,2025-08-21 16:00:00,16.4,25.61,27.76,95.05,10.0,10.22,1.96,172.58,81.1
238,2025-08-22 13:00:00,16.85,24.57,27.45,94.37,10.33,13.29,1.93,172.37,146.45
239,2025-08-22 14:00:00,14.19,20.72,27.44,94.5,9.95,14.52,1.95,172.91,201.95
240,2025-08-22 15:00:00,14.42,21.47,27.62,92.08,10.25,11.76,1.94,173.03,125.7
241,2025-08-22 16:00:00,14.26,22.29,27.65,93.82,10.38,9.34,1.93,172.61,120.2
242,2025-10-01 13:00:00,17.36,23.66,29.63,87.27,13.31,4.15,0.6,62.6,665.87
243,2025-10-01 14:00:00,17.17,24.62,28.64,93.73,13.21,4.12,0.43,56.93,574.9
244,2025-10-01 15:00:00,15.89,21.68,27.39,100.0,12.58,4.53,0.27,55.17,289.32
245,2025-10-01 16:00:00,15.19,21.55,27.63,99.46,12.84,4.16,0.23,55.08,114.77
246,2025-10-01 17:00:00,15.65,21.98,27.36,99.53,13.23,4.02,0.21,54.83,60.6
247,2025-10-01 18:00:00,17.62,24.78,27.24,99.72,12.99,3.87,0.21,54.67,27.23
248,2025-10-01 19:00:00,19.27,26.83,26.56,99.87,12.88,3.87,0.2,54.56,19.8
249,2025-10-01 20:00:00,23.12,31.01,24.97,100.0,13.01,3.68,0.21,54.74,20.62
250,2025-10-01 21:00:00,19.43,26.77,25.03,100.0,13.29,3.91,0.39,59.45,22.85
251,2025-10-01 22:00:00,19.0,26.12,25.1,100.0,13.05,3.92,0.62,65.4,21.88
252,2025-10-01 23:00:00,27.64,37.28,25.05,100.0,12.71,3.27,0.68,68.25,22.15
253,2025-10-02 00:00:00,28.38,38.88,25.04,100.0,13.24,3.8,0.64,68.23,21.7
254,2025-10-02 01:00:00,21.8,30.66,25.02,100.0,13.11,3.78,0.6,67.31,21.7
255,2025-10-02 02:00:00,23.95,33.22,24.96,100.0,13.03,3.65,0.58,66.77,21.62
256,2025-10-02 03:00:00,20.96,29.67,25.0,100.0,13.59,3.94,0.56,65.97,21.85
257,2025-10-02 04:00:00,19.2,26.33,24.6,100.0,13.19,3.91,0.54,65.15,22.65
258,2025-10-02 05:00:00,17.46,23.95,24.19,100.0,12.78,3.71,0.57,65.72,22.55
259,2025-10-02 06:00:00,20.27,27.64,24.37,100.0,13.1,4.03,0.61,66.69,23.35
260,2025-10-02 07:00:00,19.1,26.59,24.59,100.0,12.75,4.02,0.63,67.41,51.45
261,2025-10-02 08:00:00,22.87,32.82,24.96,100.0,13.1,4.22,0.64,66.7,114.12
262,2025-10-02 09:00:00,20.5,29.06,26.08,100.0,12.68,4.22,0.64,65.87,186.18
263,2025-10-02 10:00:00,18.38,25.5,28.02,94.96,12.91,3.98,0.58,64.04,243.65
264,2025-10-02 11:00:00,22.87,29.93,28.26,93.61,12.92,3.91,0.46,58.3,336.72
265,2025-10-02 12:00:00,17.26,23.37,28.69,91.9,13.12,3.92,0.35,55.91,344.82
266,2025-10-02 13:00:00,20.92,27.3,29.49,88.67,13.24,3.99,0.24,54.84,282.77
267,2025-10-02 14:00:00,24.17,30.96,29.23,88.46,12.92,4.18,0.21,54.36,264.68
268,2025-10-02 15:00:00,19.87,26.44,29.64,86.96,13.09,4.07,0.19,54.09,220.08
269,2025-10-02 16:00:00,21.0,27.59,28.81,91.52,12.88,4.09,0.18,53.94,165.45
270,2025-10-02 17:00:00,18.28,25.23,28.07,95.61,13.16,4.25,0.18,53.71,69.15
271,2025-10-02 18:00:00,16.13,22.64,27.17,98.74,12.99,3.81,0.17,53.52,23.6
272,2025-10-02 19:00:00,15.28,22.62,26.06,100.0,13.02,3.69,0.16,53.33,18.3
273,2025-10-02 20:00:00,20.53,30.69,25.57,100.0,12.93,4.11,0.16,53.2,19.88
274,2025-10-02 21:00:00,21.34,28.33,25.69,100.0,13.28,4.21,0.16,53.15,20.5
275,2025-10-02 22:00:00,21.89,31.4,25.8,100.0,12.84,4.02,0.16,53.09,21.0
276,2025-10-02 23:00:00,18.52,26.45,25.73,100.0,13.38,4.13,0.16,53.06,20.95
277,2025-10-03 00:00:00,21.27,29.51,25.6,100.0,13.14,3.87,0.15,53.07,21.7
278,2025-10-03 01:00:00,19.7,29.02,25.68,100.0,13.12,3.79,0.16,53.09,21.38
279,2025-10-03 02:00:00,18.64,26.32,25.73,100.0,12.96,4.11,0.16,53.07,21.25
280,2025-10-03 03:00:00,19.87,28.25,25.75,100.0,12.85,4.25,0.16,53.06,20.8
281,2025-10-03 04:00:00,18.5,27.01,25.62,100.0,13.13,4.16,0.15,53.06,21.05
282,2025-10-03 05:00:00,21.48,32.29,25.54,100.0,12.73,3.95,0.15,53.05,21.67
283,2025-10-03 06:00:00,25.13,39.02,25.63,100.0,13.27,4.14,0.15,53.05,23.18
284,2025-10-03 07:00:00,27.81,41.26,25.88,100.0,12.9,3.75,0.15,53.06,37.08
285,2025-10-03 08:00:00,21.56,29.47,26.51,99.98,12.68,4.06,0.15,53.05,56.12
286,2025-10-03 09:00:00,22.43,29.95,27.65,97.54,12.68,4.11,0.15,52.97,75.67
287,2025-10-03 10:00:00,20.18,29.68,28.78,92.62,13.0,4.06,0.15,52.87,120.95
288,2025-10-03 11:00:00,19.5,30.92,28.79,91.41,12.55,3.5,0.16,52.83,601.4
289,2025-10-03 12:00:00,17.61,23.97,29.31,88.33,12.77,3.7,0.16,52.82,420.72
290,2025-10-03 13:00:00,25.9,33.08,30.5,82.04,12.07,3.98,0.15,52.79,351.2
291,2025-10-03 17:00:00,15.13,20.93,28.62,90.72,12.88,2.6,0.13,52.62,101.0
292,2025-10-03 18:00:00,15.75,23.13,27.98,93.39,12.73,2.43,0.11,52.3,39.88
293,2025-10-03 19:00:00,20.09,28.36,27.54,97.08,12.69,3.17,0.11,52.09,18.85
294,2025-10-03 20:00:00,27.38,37.55,27.43,99.31,13.15,2.93,0.11,52.07,19.75
295,2025-10-03 21:00:00,25.77,35.95,27.27,100.0,13.03,4.05,0.11,52.07,19.65
296,2025-10-03 22:00:00,28.28,38.94,27.23,100.0,12.95,3.94,0.11,52.07,20.0
297,2025-10-03 23:00:00,28.29,36.36,27.2,100.0,12.66,3.25,0.11,52.07,21.67
298,2025-10-04 00:00:00,16.43,22.17,26.9,100.0,13.28,3.25,0.11,52.07,21.68
299,2025-10-04 01:00:00,15.11,21.3,26.53,100.0,12.82,3.63,0.1,52.07,21.65
300,2025-10-04 02:00:00,15.56,22.12,26.55,100.0,13.18,2.97,0.1,52.06,20.4
301,2025-10-04 03:00:00,16.08,22.22,26.43,100.0,13.26,3.43,0.1,52.01,20.27
302,2025-10-04 04:00:00,16.13,23.17,26.15,100.0,12.61,3.31,0.1,52.04,21.0
303,2025-10-04 05:00:00,15.97,23.24,25.94,100.0,13.12,2.99,0.12,52.48,21.88
304,2025-10-04 06:00:00,17.72,24.77,25.89,100.0,12.92,3.95,0.12,52.42,22.55
305,2025-10-04 07:00:00,19.03,26.53,26.17,100.0,12.79,3.34,0.11,52.3,48.95
306,2025-10-04 08:00:00,17.17,24.22,26.73,100.0,13.03,3.44,0.11,52.23,91.35
307,2025-10-04 09:00:00,18.04,25.21,27.71,98.79,12.88,3.39,0.1,52.18,101.08
308,2025-10-04 10:00:00,22.63,31.24,28.47,95.09,12.75,3.19,0.1,52.1,136.9
309,2025-10-04 11:00:00,19.64,30.33,29.47,88.96,13.55,3.14,0.1,52.02,445.38
310,2025-10-04 12:00:00,19.05,27.48,29.35,88.94,12.68,4.35,0.1,51.91,298.1
311,2025-10-04 13:00:00,17.25,24.59,28.82,91.78,13.21,5.61,0.09,51.81,704.9
312,2025-10-04 14:00:00,19.18,25.62,30.88,81.35,13.02,6.88,0.09,51.7,586.3
313,2025-10-04 15:00:00,21.49,28.08,31.64,78.22,12.52,8.24,0.09,51.68,434.47
314,2025-10-04 16:00:00,16.59,23.26,29.94,84.09,12.89,7.58,0.08,51.62,299.45
315,2025-10-04 17:00:00,15.66,21.7,28.74,91.7,12.9,5.64,0.08,51.55,145.07
316,2025-10-04 18:00:00,16.09,21.86,27.97,94.95,13.04,4.36,0.1,51.81,35.5
317,2025-10-04 19:00:00,20.12,27.78,26.95,93.92,12.53,3.0,0.76,63.09,22.15
318,2025-10-04 20:00:00,16.17,22.68,26.05,93.46,12.97,3.73,0.8,64.74,27.6
319,2025-10-04 21:00:00,19.15,26.43,26.26,93.44,12.83,3.87,0.87,63.01,26.7
320,2025-10-04 22:00:00,22.24,29.14,26.33,94.6,13.38,3.05,0.61,59.42,24.83
321,2025-10-04 23:00:00,20.63,28.28,26.33,95.37,12.89,3.12,0.47,56.97,24.38
322,2025-10-05 00:00:00,16.74,23.63,26.14,96.73,13.14,3.66,0.38,55.54,22.12
323,2025-10-05 01:00:00,17.35,24.59,26.01,98.32,13.21,3.54,0.33,54.68,22.05
324,2025-10-05 02:00:00,18.57,26.79,25.89,99.4,13.09,3.38,0.23,53.75,22.1
325,2025-10-05 03:00:00,18.81,27.17,25.81,100.0,13.52,4.0,0.19,53.33,21.82
326,2025-10-05 04:00:00,22.21,31.57,25.95,100.0,12.98,3.29,0.19,53.34,21.45
327,2025-10-05 05:00:00,18.77,25.8,25.98,100.0,12.74,3.38,0.19,53.49,21.7
328,2025-10-05 06:00:00,20.63,29.18,25.91,100.0,12.87,3.79,0.16,53.09,22.1
329,2025-10-05 07:00:00,17.6,25.69,26.13,100.0,13.4,3.35,0.15,52.99,50.48
330,2025-10-05 08:00:00,19.6,30.42,26.58,99.81,13.49,2.98,0.13,52.76,85.28
331,2025-10-05 09:00:00,22.67,36.13,27.03,99.06,12.95,3.53,0.1,52.34,105.42
332,2025-10-05 10:00:00,21.32,31.01,28.31,91.61,13.27,3.58,0.09,52.21,192.9
333,2025-10-05 11:00:00,20.72,34.07,27.42,96.85,12.29,3.44,0.08,52.0,410.2
334,2025-10-05 12:00:00,18.61,26.94,26.27,100.0,12.86,4.45,0.08,51.78,254.12
335,2025-10-05 13:00:00,22.38,30.62,27.16,96.0,13.2,4.81,0.08,51.64,193.62
336,2025-10-05 14:00:00,20.43,29.04,27.16,98.32,13.32,4.96,0.08,51.55,189.07
337,2025-10-05 15:00:00,17.99,26.65,27.31,98.49,12.72,6.77,0.08,51.52,182.43
338,2025-10-05 16:00:00,18.39,26.72,27.56,97.04,13.23,7.07,0.08,51.48,195.68
339,2025-10-05 17:00:00,17.3,24.68,27.34,95.62,13.45,7.51,0.08,51.44,53.37
340,2025-10-05 18:00:00,23.08,32.56,27.16,98.65,12.7,5.05,0.08,51.44,22.8
341,2025-10-05 19:00:00,25.26,39.39,27.03,99.8,13.25,3.21,0.08,51.44,19.8
342,2025-10-05 20:00:00,25.52,37.65,26.96,100.0,13.38,3.2,0.08,51.44,20.57
343,2025-10-05 21:00:00,29.11,42.46,26.82,100.0,12.78,3.58,0.08,51.48,20.8
344,2025-10-05 22:00:00,27.02,40.88,26.7,100.0,13.16,3.91,0.09,51.53,21.3
345,2025-10-05 23:00:00,23.18,34.14,26.58,99.96,13.01,3.4,0.08,51.56,21.75
346,2025-10-06 00:00:00,34.0,46.36,26.3,100.0,13.01,3.7,0.12,52.22,22.25
347,2025-10-06 01:00:00,26.82,37.44,26.14,100.0,12.85,3.3,0.14,52.42,21.3
348,2025-10-06 02:00:00,20.68,30.13,25.94,100.0,12.89,3.34,0.14,52.31,21.52
349,2025-10-06 03:00:00,22.99,33.49,25.88,100.0,13.05,3.97,0.13,52.24,21.4
350,2025-10-06 04:00:00,19.73,29.39,25.7,100.0,13.03,3.46,0.13,52.24,21.9
351,2025-10-06 05:00:00,21.64,33.23,25.54,100.0,12.84,3.8,0.13,52.25,21.82
352,2025-10-06 06:00:00,29.92,44.54,25.53,100.0,13.47,3.7,0.14,52.34,22.55
353,2025-10-06 07:00:00,37.55,51.9,25.78,100.0,12.88,3.08,0.13,52.28,46.15
354,2025-10-06 08:00:00,37.13,51.8,26.25,99.98,13.39,3.14,0.11,52.02,74.47
355,2025-10-06 09:00:00,39.59,57.23,27.24,97.67,12.84,3.27,0.1,51.91,134.77
356,2025-10-06 10:00:00,18.22,26.78,28.7,89.26,12.88,3.08,0.09,51.81,165.72
357,2025-10-06 11:00:00,18.4,25.17,28.39,90.58,13.11,3.54,0.09,51.73,507.13
358,2025-10-06 12:00:00,20.41,30.5,28.3,90.93,12.64,4.64,0.09,51.65,535.68
359,2025-10-06 13:00:00,20.46,28.74,28.81,88.07,13.04,6.16,0.08,51.5,442.05
360,2025-10-06 14:00:00,17.0,23.27,29.73,79.88,13.22,6.97,0.08,51.48,433.5
361,2025-10-06 15:00:00,16.69,23.18,29.93,80.47,13.3,6.75,0.07,51.5,360.8
362,2025-10-06 16:00:00,16.91,23.27,29.3,83.41,12.45,8.82,0.07,51.39,224.1
363,2025-10-06 17:00:00,16.27,22.38,28.46,86.28,13.19,6.92,0.07,51.34,76.53
364,2025-10-06 18:00:00,16.06,22.81,27.81,90.35,12.52,6.49,0.07,51.3,32.33
365,2025-10-06 19:00:00,18.17,24.66,27.31,94.1,12.78,5.5,0.07,51.26,20.2
366,2025-10-06 20:00:00,21.35,28.79,27.18,96.07,12.81,4.08,0.07,51.29,18.9
367,2025-10-06 21:00:00,19.46,26.95,26.96,99.07,12.81,3.72,0.08,51.33,18.98
368,2025-10-06 22:00:00,26.42,40.62,26.75,99.95,12.73,3.33,0.08,51.35,19.88
369,2025-10-06 23:00:00,24.93,38.3,26.63,99.91,12.73,3.39,0.08,51.35,20.2
370,2025-10-07 00:00:00,18.24,25.08,26.7,100.0,12.93,4.31,0.08,51.36,20.4
371,2025-10-07 01:00:00,18.7,26.21,26.62,100.0,12.99,3.39,0.08,51.42,20.9
372,2025-10-07 02:00:00,17.86,24.52,26.44,100.0,13.01,3.27,0.08,51.44,20.05
373,2025-10-07 03:00:00,17.24,23.59,26.15,100.0,12.6,3.68,0.08,51.44,20.6
374,2025-10-07 04:00:00,16.75,23.66,26.0,100.0,13.17,3.62,0.08,51.44,20.77
375,2025-10-07 05:00:00,16.66,22.88,25.91,100.0,13.14,3.49,0.08,51.45,21.27
376,2025-10-07 06:00:00,16.98,24.34,25.82,100.0,12.83,4.05,0.08,51.44,22.35
377,2025-10-07 07:00:00,18.51,25.72,26.08,99.97,13.11,3.71,0.08,51.46,46.0
378,2025-10-07 08:00:00,18.08,25.74,26.57,99.04,12.73,3.51,0.08,51.51,64.68
379,2025-10-07 09:00:00,18.21,25.69,27.67,94.51,12.81,3.4,0.08,51.47,131.45
380,2025-10-07 10:00:00,19.56,27.25,29.07,87.78,13.17,3.35,0.08,51.44,152.7
381,2025-10-07 11:00:00,22.8,35.91,29.52,86.33,12.4,3.74,0.07,51.38,277.55
382,2025-10-07 12:00:00,26.09,39.59,30.13,83.34,13.11,5.87,0.07,51.34,120.07
383,2025-10-07 13:00:00,19.7,26.94,30.33,82.33,12.8,5.8,0.07,51.43,487.67
384,2025-10-07 14:00:00,17.25,24.0,30.87,81.07,12.8,16.82,0.06,51.44,447.75
385,2025-10-07 15:00:00,16.88,23.13,30.01,84.4,12.99,19.14,0.06,51.38,278.77
386,2025-10-16 14:00:00,24.93,38.57,34.45,64.87,12.59,19.14,0.03,50.18,415.1
387,2025-10-16 15:00:00,25.22,38.52,33.89,67.56,12.8,18.86,0.03,50.18,276.3
388,2025-10-16 16:00:00,34.23,47.29,32.41,74.79,12.93,18.71,0.03,50.18,198.02
389,2025-10-16 17:00:00,32.41,45.86,31.65,75.66,12.74,19.11,0.05,50.19,48.95
390,2025-10-16 18:00:00,19.96,29.12,27.82,85.77,12.96,18.88,0.05,50.23,27.05
391,2025-10-16 19:00:00,23.44,36.09,26.94,92.52,12.82,18.79,0.04,50.2,21.8
392,2025-10-16 20:00:00,26.72,41.01,27.51,90.05,12.46,18.93,0.16,50.81,22.77
393,2025-10-16 21:00:00,21.21,31.79,27.24,90.28,12.98,19.21,0.09,50.45,22.1
394,2025-10-16 22:00:00,24.29,34.57,26.95,90.57,12.98,18.74,0.06,50.36,23.75
395,2025-10-16 23:00:00,19.92,30.72,27.07,89.63,12.71,19.46,0.05,50.34,26.7
396,2025-10-17 00:00:00,22.85,33.29,27.17,88.6,13.14,18.75,0.05,50.3,26.02
397,2025-10-17 01:00:00,21.04,35.15,27.1,89.39,12.87,19.52,0.05,50.28,24.98
398,2025-10-17 02:00:00,22.48,36.85,26.95,90.23,13.13,18.93,0.05,50.27,24.05
399,2025-10-17 03:00:00,26.27,45.26,26.74,91.19,13.36,19.01,0.05,50.27,23.6
400,2025-10-17 04:00:00,24.35,43.39,26.7,91.84,12.8,18.83,0.05,50.28,23.02
401,2025-10-17 05:00:00,30.95,50.2,26.7,92.15,12.89,18.97,0.05,50.28,22.68
402,2025-10-17 06:00:00,29.6,48.65,26.7,92.34,13.27,19.09,0.05,50.29,25.05
403,2025-10-17 07:00:00,32.25,51.09,26.99,92.23,12.93,19.01,0.05,50.31,47.27
404,2025-10-17 08:00:00,28.97,44.8,27.81,88.41,12.92,18.76,0.05,50.31,70.65
405,2025-10-17 09:00:00,23.57,38.88,29.15,85.36,13.41,18.75,0.04,50.28,92.08
406,2025-10-17 10:00:00,30.82,43.99,31.16,77.88,12.49,18.83,0.04,50.27,211.65
407,2025-10-17 11:00:00,31.46,43.76,32.48,70.37,12.66,18.51,0.04,50.31,665.52
408,2025-10-17 12:00:00,29.46,43.29,33.56,65.94,12.88,18.54,0.04,50.37,636.45
409,2025-10-17 13:00:00,28.38,40.93,34.24,62.18,13.25,18.85,0.04,50.28,604.23
410,2025-10-17 14:00:00,28.73,41.44,34.44,62.79,13.66,18.89,0.03,50.24,525.9
411,2025-10-17 15:00:00,29.46,42.44,34.03,62.81,13.02,19.14,0.03,50.21,366.78
412,2025-10-17 16:00:00,30.47,43.0,32.68,67.17,13.2,18.77,0.03,50.19,193.05
413,2025-10-17 17:00:00,31.09,45.03,31.84,73.25,12.9,19.12,0.03,50.18,55.27
414,2025-10-17 18:00:00,33.84,47.31,31.14,79.34,12.96,18.91,0.03,50.18,18.35
415,2025-10-17 19:00:00,36.0,51.58,30.72,81.64,12.68,19.16,0.04,50.18,18.8
416,2025-10-17 20:00:00,36.69,52.62,30.65,80.46,12.95,19.15,0.04,50.18,19.43
417,2025-10-17 21:00:00,39.4,56.68,30.38,82.9,12.63,19.02,0.04,50.18,20.33
418,2025-10-17 22:00:00,39.12,57.6,30.1,83.05,13.64,19.01,0.03,50.18,20.25
419,2025-10-17 23:00:00,38.33,55.67,29.91,81.19,12.66,18.69,0.04,50.18,19.7
420,2025-10-18 00:00:00,37.88,54.26,29.65,78.15,12.7,19.04,0.04,50.18,19.93
421,2025-10-18 01:00:00,35.43,50.2,29.38,77.18,12.47,18.83,0.04,50.18,19.5
422,2025-10-18 02:00:00,34.58,49.38,29.13,77.44,12.93,19.37,0.04,50.18,19.25
423,2025-10-18 03:00:00,34.86,50.17,28.79,79.0,13.04,19.33,0.04,50.18,20.4
424,2025-10-18 04:00:00,37.82,57.01,28.45,79.99,12.57,18.98,0.04,50.18,20.52
425,2025-10-18 05:00:00,38.79,58.71,28.28,80.17,13.02,19.13,0.04,50.18,20.97
426,2025-10-18 06:00:00,42.98,65.17,28.05,80.52,13.1,18.89,0.04,50.21,23.58
427,2025-10-18 07:00:00,43.48,67.57,28.03,81.71,13.01,18.58,0.05,50.27,50.02
428,2025-10-18 08:00:00,43.77,67.09,28.57,81.62,12.88,18.87,0.04,50.27,85.55
429,2025-10-18 09:00:00,42.45,64.87,30.08,77.39,13.21,18.99,0.04,50.26,112.35
430,2025-10-18 10:00:00,39.46,58.45,31.76,72.19,13.12,18.94,0.04,50.23,228.07
431,2025-10-18 11:00:00,37.08,54.31,32.87,67.98,12.98,18.84,0.03,50.26,586.55
432,2025-10-18 12:00:00,36.21,52.27,33.75,62.44,12.77,18.92,0.03,50.27,572.0
433,2025-10-18 13:00:00,35.13,51.38,34.49,59.65,12.7,18.87,0.03,50.27,548.12
434,2025-10-18 14:00:00,34.7,50.56,34.03,59.26,13.02,18.89,0.03,50.27,399.25
435,2025-10-18 15:00:00,37.11,53.69,33.09,66.71,12.85,18.51,0.03,50.27,265.73
436,2025-10-18 16:00:00,37.36,53.88,32.21,68.8,12.7,18.94,0.03,50.24,168.47
437,2025-10-18 17:00:00,35.69,52.64,31.43,70.67,12.86,19.06,0.03,50.18,61.8
438,2025-10-18 18:00:00,35.95,53.27,30.83,71.84,13.11,19.06,0.03,50.18,19.18
439,2025-10-18 19:00:00,38.01,56.47,30.39,72.99,13.2,18.95,0.03,50.18,19.48
440,2025-10-18 20:00:00,44.87,67.58,30.13,75.4,13.21,18.75,0.04,50.18,19.38
441,2025-10-18 21:00:00,45.07,66.9,29.91,77.33,13.13,19.32,0.04,50.18,21.1
442,2025-10-18 22:00:00,48.11,72.76,29.73,78.91,13.39,19.04,0.04,50.18,20.12
443,2025-10-18 23:00:00,45.81,70.73,29.11,83.4,13.1,19.27,0.04,50.18,21.23
444,2025-10-19 00:00:00,43.35,65.95,29.3,81.89,12.8,19.43,0.04,50.18,20.88
445,2025-10-19 01:00:00,45.67,70.16,29.15,82.9,13.08,18.94,0.04,50.18,19.88
446,2025-10-19 02:00:00,41.33,62.98,28.84,84.26,13.32,19.06,0.04,50.18,20.12
447,2025-10-19 03:00:00,44.03,67.61,28.29,86.94,12.95,19.17,0.04,50.18,20.02
448,2025-10-19 04:00:00,41.11,63.87,28.1,86.16,12.91,19.07,0.04,50.18,20.15
449,2025-10-19 05:00:00,34.82,51.86,27.68,85.0,13.02,19.02,0.04,50.18,20.85
450,2025-10-19 06:00:00,37.34,56.3,27.64,85.82,13.04,19.17,0.04,50.18,24.25
451,2025-10-19 07:00:00,43.5,64.71,27.69,85.98,12.92,19.0,0.04,50.18,51.52
452,2025-10-19 08:00:00,40.41,59.85,28.47,82.58,12.68,18.82,0.04,50.18,88.33
453,2025-10-19 09:00:00,45.53,64.62,29.9,78.01,13.08,19.11,0.04,50.18,127.97
454,2025-10-19 10:00:00,48.81,68.38,31.48,72.09,13.04,19.2,0.04,50.18,234.05
455,2025-10-19 11:00:00,49.58,69.87,32.83,65.33,13.24,19.11,0.04,50.19,539.5
456,2025-10-19 12:00:00,40.45,60.52,33.57,61.49,13.17,19.53,0.03,50.18,545.77
457,2025-10-19 13:00:00,37.68,57.08,34.06,58.95,13.16,18.85,0.03,50.18,505.15
458,2025-10-19 14:00:00,38.36,57.62,34.61,57.08,12.85,19.01,0.03,50.18,421.5
459,2025-10-19 15:00:00,41.5,60.61,33.77,61.67,12.82,19.18,0.03,50.18,310.8
460,2025-10-19 16:00:00,41.59,61.83,32.47,69.97,12.92,30.98,0.03,50.15,164.4
461,2025-10-19 17:00:00,40.06,60.13,31.77,72.54,12.67,38.66,0.03,50.12,46.85
462,2025-10-19 18:00:00,42.15,63.02,30.98,75.55,7.82,43.38,0.03,50.09,18.88
463,2025-10-19 19:00:00,43.5,64.92,30.67,78.07,8.5,31.85,0.03,50.09,19.85
464,2025-10-19 20:00:00,46.7,69.83,30.47,80.55,9.95,8.06,0.04,50.09,18.6
465,2025-10-19 21:00:00,48.9,74.6,30.22,81.99,12.09,10.7,0.04,50.09,19.95
466,2025-10-19 22:00:00,50.52,77.23,30.0,83.74,13.36,6.73,0.04,50.09,20.2
467,2025-10-19 23:00:00,50.51,77.52,29.88,84.43,14.23,7.77,0.04,50.09,20.0
468,2025-10-20 00:00:00,48.97,75.58,29.66,85.46,12.37,11.95,0.04,50.09,20.27
469,2025-10-20 01:00:00,53.31,83.82,29.42,87.52,11.31,7.73,0.04,50.09,20.7
470,2025-10-20 02:00:00,52.73,84.22,29.26,86.96,11.18,5.95,0.04,50.09,20.25
471,2025-10-20 03:00:00,50.94,78.26,28.93,87.26,11.62,7.41,0.04,50.09,19.98
472,2025-10-20 04:00:00,51.53,81.81,28.54,89.6,13.04,11.73,0.04,50.09,20.82
473,2025-10-20 05:00:00,48.8,76.34,28.01,89.89,9.82,5.81,0.04,50.09,20.6
474,2025-10-20 06:00:00,49.44,78.15,27.81,90.24,10.51,13.66,0.04,50.09,23.45
475,2025-10-20 07:00:00,47.76,75.56,28.06,89.17,12.57,8.7,0.04,50.1,50.7
476,2025-10-20 08:00:00,47.32,74.31,28.73,86.52,9.34,6.4,0.04,50.09,86.98
477,2025-10-20 09:00:00,46.92,72.58,30.03,79.88,7.97,10.27,0.04,50.09,123.1
478,2025-10-20 10:00:00,43.34,65.64,31.65,69.15,11.4,21.95,0.04,50.09,229.68
479,2025-10-20 11:00:00,40.27,60.89,32.78,63.17,11.02,37.08,0.04,50.11,525.9
480,2025-10-20 12:00:00,39.23,57.34,33.64,57.7,10.89,31.98,0.04,50.1,535.62
481,2025-10-20 13:00:00,39.34,57.81,34.14,57.84,8.29,50.2,0.03,50.09,517.85
482,2025-10-20 14:00:00,42.07,60.08,34.26,57.08,9.18,53.19,0.03,50.09,450.02
483,2025-10-20 15:00:00,41.47,59.26,33.93,55.93,6.06,61.99,0.03,50.09,310.8
484,2025-10-21 15:00:00,42.98,63.23,33.72,61.31,5.53,67.08,0.03,50.05,222.65
485,2025-10-21 16:00:00,40.64,60.88,32.63,60.69,5.14,100.1,0.03,50.04,166.38
486,2025-10-21 17:00:00,40.95,61.49,31.95,63.05,5.4,103.59,0.03,50.02,54.7
487,2025-10-21 18:00:00,35.38,53.58,28.43,86.16,6.01,43.59,0.52,53.41,18.57
488,2025-10-21 19:00:00,21.72,34.58,26.05,99.74,6.69,27.83,1.22,62.39,22.55
489,2025-10-21 20:00:00,29.28,45.73,25.74,99.34,14.47,54.31,1.4,63.96,22.2
490,2025-10-21 21:00:00,41.69,62.48,25.6,99.7,24.56,71.12,1.36,62.66,22.62
491,2025-10-21 22:00:00,48.87,75.14,25.65,99.56,13.54,80.03,1.43,63.02,22.78
492,2025-10-21 23:00:00,47.13,73.3,25.64,99.39,15.82,139.63,1.36,62.48,22.75
493,2025-10-22 00:00:00,41.97,63.28,25.49,98.8,11.35,48.85,1.35,62.65,22.3
494,2025-10-22 03:00:00,28.52,45.63,25.94,96.79,6.35,2.91,1.08,60.73,21.98
495,2025-10-22 06:00:00,36.82,55.36,26.43,95.61,8.13,2.48,0.82,58.2,24.68
496,2025-10-22 07:00:00,39.55,59.72,26.68,94.7,9.85,2.24,0.78,57.86,44.5
497,2025-10-22 08:00:00,39.21,59.45,27.46,92.74,9.22,0.41,0.76,57.83,70.38
498,2025-10-22 09:00:00,38.22,57.92,29.02,87.01,7.8,1.8,0.76,57.86,88.53
499,2025-10-22 10:00:00,35.35,50.85,30.86,79.97,7.33,2.28,0.73,57.3,217.85
500,2025-10-22 11:00:00,36.74,52.32,31.98,75.78,5.89,2.78,0.34,53.65,642.1
501,2025-10-22 12:00:00,33.29,45.7,32.53,72.99,5.3,4.08,0.12,51.91,661.95
502,2025-10-22 13:00:00,28.88,42.1,33.13,71.03,5.66,3.35,0.11,51.51,624.4
503,2025-10-22 14:00:00,30.5,42.76,33.57,69.58,5.79,3.78,0.1,51.22,555.17
504,2025-10-22 16:00:00,33.16,45.76,31.79,77.16,6.77,4.17,0.08,50.41,171.1
505,2025-10-22 17:00:00,30.0,43.59,31.03,78.57,6.52,6.71,0.08,50.36,48.7
506,2025-10-22 18:00:00,25.68,38.78,27.48,97.39,5.64,10.38,0.08,50.36,23.85
507,2025-10-24 17:00:00,22.4,32.81,31.4,75.21,9.0,14.5,0.04,50.23,48.8
508,2025-10-24 18:00:00,33.78,45.45,30.94,83.2,11.09,15.09,0.04,50.21,18.0
509,2025-10-24 19:00:00,35.16,46.61,30.59,83.35,8.6,10.2,0.04,50.21,19.9
510,2025-10-27 10:00:00,21.06,29.21,28.98,88.72,12.66,6.95,0.58,59.99,345.8
511,2025-10-27 11:00:00,19.16,25.01,29.3,86.08,11.23,7.2,0.57,59.92,279.25
512,2025-10-27 12:00:00,17.31,22.6,30.36,80.82,9.8,8.44,0.41,56.26,393.32
513,2025-10-27 13:00:00,17.02,22.22,31.39,77.01,7.9,6.47,0.19,51.95,395.57
514,2025-10-27 14:00:00,19.9,26.55,31.95,74.68,7.18,6.2,0.08,51.41,249.3
515,2025-10-27 15:00:00,21.08,27.62,30.86,80.93,8.06,6.83,0.06,51.33,255.47
516,2025-10-27 16:00:00,17.85,24.16,29.11,89.87,8.59,3.42,0.06,51.1,70.88
517,2025-10-27 17:00:00,16.56,23.43,27.18,99.98,8.54,7.43,0.06,50.97,28.65
518,2025-10-27 18:00:00,18.33,24.6,26.62,99.86,8.73,5.69,0.41,61.75,21.1
519,2025-10-27 19:00:00,21.78,28.88,25.77,100.0,7.71,5.38,0.47,61.36,22.27
520,2025-10-27 20:00:00,19.81,25.93,25.81,100.0,8.4,5.49,0.46,61.06,22.97
521,2025-10-27 21:00:00,19.01,25.86,25.92,99.41,7.63,6.68,0.42,59.91,22.8
522,2025-10-27 22:00:00,20.79,28.37,25.88,99.47,9.87,4.8,0.44,60.29,22.58
523,2025-10-27 23:00:00,17.85,25.3,25.81,99.96,9.02,5.09,0.41,59.54,22.25
524,2025-10-28 00:00:00,17.98,24.82,25.88,99.64,7.81,6.52,0.41,59.38,22.37
525,2025-10-28 01:00:00,20.34,31.52,26.0,99.64,7.79,6.2,0.42,59.8,22.52
526,2025-10-28 02:00:00,19.97,30.9,25.99,99.11,8.18,6.37,0.43,59.88,22.15
527,2025-10-28 03:00:00,22.26,35.78,25.84,99.7,7.57,7.68,0.42,60.16,22.58
528,2025-10-28 04:00:00,20.83,33.05,25.7,100.0,8.24,5.58,0.43,60.29,22.05
529,2025-10-28 05:00:00,19.31,28.47,25.69,100.0,8.74,6.56,0.41,59.26,21.85
530,2025-10-28 06:00:00,27.86,44.08,25.76,100.0,11.32,9.88,0.39,58.46,24.45
531,2025-10-28 07:00:00,28.43,41.81,26.04,99.68,10.34,8.05,0.36,57.15,47.92
532,2025-10-28 08:00:00,22.92,31.84,26.77,96.21,11.16,7.58,0.34,56.1,77.03
533,2025-10-28 09:00:00,27.82,39.38,28.13,91.38,11.78,9.23,0.32,55.73,93.32
534,2025-10-28 10:00:00,27.68,40.39,29.8,82.76,9.83,7.38,0.3,55.15,193.65
535,2025-10-28 11:00:00,26.75,41.26,30.58,76.52,8.81,6.94,0.21,52.88,468.12
536,2025-10-28 12:00:00,25.15,39.08,30.81,74.12,9.1,8.28,0.1,51.71,450.12
537,2025-10-28 13:00:00,22.86,38.1,31.45,71.68,8.39,7.87,0.07,51.43,506.95
538,2025-10-28 14:00:00,28.69,41.8,31.33,72.86,8.95,8.15,0.06,51.27,360.23
539,2025-10-28 15:00:00,32.5,44.26,31.13,74.15,9.19,7.79,0.06,51.18,295.57
540,2025-10-28 16:00:00,24.37,38.46,30.29,81.33,7.81,4.49,0.06,51.15,169.25
541,2025-10-28 17:00:00,19.22,29.58,29.07,88.51,8.03,9.21,0.06,51.03,24.27
542,2025-10-28 18:00:00,22.79,32.58,28.11,91.4,8.61,9.04,0.06,50.93,19.38
543,2025-10-28 19:00:00,28.0,41.5,28.12,90.43,8.67,4.5,0.06,50.84,20.4
544,2025-10-28 20:00:00,31.07,43.74,28.17,89.61,10.0,5.26,0.06,50.81,21.5
545,2025-10-28 21:00:00,33.3,46.09,28.1,88.82,9.29,7.13,0.06,50.73,21.25
546,2025-10-28 22:00:00,39.12,53.84,28.11,88.83,7.96,5.88,0.06,50.65,22.45
547,2025-10-28 23:00:00,28.89,42.97,28.01,88.67,9.05,6.21,0.06,50.62,21.25
548,2025-10-29 00:00:00,21.17,33.32,27.88,88.14,9.69,6.4,0.06,50.59,19.62
549,2025-10-29 01:00:00,18.18,28.08,27.67,88.21,8.94,5.67,0.06,50.55,21.57
550,2025-10-29 02:00:00,19.22,30.11,27.59,87.12,9.99,6.25,0.06,50.54,21.72
551,2025-10-29 03:00:00,20.5,33.61,27.38,89.32,10.0,7.81,0.06,50.54,21.32
552,2025-10-29 04:00:00,20.76,35.34,27.33,87.5,10.5,6.63,0.06,50.54,21.45
553,2025-10-29 05:00:00,19.94,32.91,27.19,88.89,11.59,9.87,0.06,50.53,20.35
554,2025-10-29 06:00:00,25.92,43.48,26.87,91.24,11.17,10.23,0.06,50.54,23.1
555,2025-10-29 07:00:00,30.16,46.91,27.11,93.74,10.98,8.39,0.06,50.54,57.83
556,2025-10-29 08:00:00,32.2,47.31,27.77,93.97,12.97,7.43,0.06,50.54,109.53
557,2025-10-29 09:00:00,42.37,58.52,28.29,92.16,12.3,6.98,0.05,50.54,170.1
558,2025-10-29 10:00:00,26.0,41.51,29.17,90.2,10.87,6.22,0.05,50.51,334.02
559,2025-10-29 13:00:00,19.99,31.78,31.86,70.62,7.77,18.45,0.05,50.54,352.02
560,2025-10-29 14:00:00,17.76,26.6,32.51,68.48,8.3,18.79,0.05,50.54,571.5
561,2025-10-29 18:00:00,17.81,27.59,29.38,86.51,8.89,18.96,0.04,50.45,20.1
562,2025-10-29 19:00:00,20.79,31.6,29.15,88.34,10.14,19.34,0.04,50.44,20.05
563,2025-10-29 20:00:00,21.85,32.49,28.96,88.2,10.29,18.82,0.04,50.42,20.65
564,2025-10-29 21:00:00,25.36,39.66,28.87,88.7,9.07,18.99,0.04,50.4,20.83
565,2025-10-29 22:00:00,24.1,36.52,28.49,90.61,9.04,18.61,0.04,50.38,19.7
566,2025-10-29 23:00:00,24.57,34.16,28.26,91.2,8.05,18.9,0.04,50.36,20.52
567,2025-10-30 00:00:00,25.78,35.28,28.02,91.8,7.85,19.17,0.04,50.36,22.0
568,2025-10-30 01:00:00,17.05,25.42,27.78,92.68,7.13,18.88,0.04,50.36,21.68
569,2025-10-30 02:00:00,14.25,20.17,26.86,97.71,7.04,19.06,0.04,50.36,21.38
570,2025-10-30 03:00:00,13.93,19.89,26.41,100.0,7.07,18.97,0.04,50.36,20.9
571,2025-10-30 04:00:00,14.0,20.05,26.22,99.71,7.56,19.03,0.09,52.6,19.12
572,2025-10-30 05:00:00,12.82,18.17,25.83,100.0,6.95,18.97,0.53,58.7,22.43
573,2025-10-30 06:00:00,13.25,19.14,25.93,99.79,7.88,19.1,0.56,59.13,24.42
574,2025-10-30 07:00:00,19.49,29.27,25.71,92.51,8.06,18.91,0.44,57.28,56.3
575,2025-10-30 08:00:00,19.28,30.55,25.9,86.52,7.92,18.92,0.34,55.46,81.67
576,2025-10-30 09:00:00,20.55,31.67,26.53,90.37,9.93,18.84,0.32,55.1,139.38
577,2025-10-30 10:00:00,17.1,26.33,25.29,98.71,7.84,19.06,0.32,55.46,90.53
578,2025-10-30 11:00:00,15.69,23.93,25.3,99.6,9.77,19.11,0.38,57.31,210.2
579,2025-10-30 12:00:00,16.2,25.77,26.38,97.56,7.55,18.96,0.46,58.88,282.88
580,2025-10-30 13:00:00,20.98,31.99,27.74,91.32,6.75,19.05,0.35,55.9,203.77
581,2025-10-30 14:00:00,21.53,32.3,28.66,87.22,7.26,18.88,0.27,54.27,369.42
582,2025-10-30 15:00:00,22.01,33.55,29.26,79.51,10.1,19.11,0.16,52.31,135.77
583,2025-10-30 16:00:00,17.66,27.78,28.92,83.21,9.07,19.0,0.09,51.45,88.0
584,2025-10-30 17:00:00,20.12,31.74,28.45,84.99,13.18,19.19,0.06,51.14,37.73
585,2025-10-30 18:00:00,19.91,32.54,28.04,83.84,13.65,19.16,0.06,51.0,19.38
586,2025-10-30 19:00:00,29.65,43.88,27.83,84.25,12.06,18.98,0.05,50.89,21.3
587,2025-10-30 20:00:00,28.28,41.53,27.61,88.04,13.39,19.04,0.05,50.82,21.68
588,2025-10-30 21:00:00,30.56,43.0,26.66,97.11,11.59,18.78,0.05,50.81,19.75
589,2025-10-30 22:00:00,44.11,60.33,26.74,97.6,12.77,19.28,0.05,50.75,20.08
590,2025-10-30 23:00:00,44.0,58.0,26.9,91.4,12.24,18.94,0.05,50.72,20.8
591,2025-10-31 00:00:00,27.97,42.56,26.68,89.89,11.67,19.18,0.05,50.66,20.5
592,2025-10-31 01:00:00,21.49,31.26,26.51,89.07,11.15,19.15,0.05,50.63,21.23
593,2025-10-31 02:00:00,19.24,28.6,26.48,88.67,10.48,19.02,0.05,50.63,22.0
594,2025-10-31 03:00:00,16.17,24.75,26.49,86.99,10.0,18.52,0.05,50.62,22.52
595,2025-10-31 04:00:00,15.65,23.97,26.33,89.18,11.63,18.82,0.05,50.56,22.3
596,2025-10-31 05:00:00,14.45,22.2,26.06,90.54,10.97,18.68,0.05,50.54,21.88
597,2025-10-31 06:00:00,15.28,22.3,26.34,88.22,11.49,18.87,0.05,50.49,22.9
598,2025-10-31 07:00:00,15.53,23.16,26.54,88.31,13.24,19.3,0.05,50.45,35.15
599,2025-10-31 08:00:00,21.3,32.77,26.23,95.26,11.57,19.23,0.07,51.32,49.88
600,2025-11-05 11:00:00,23.28,40.12,29.47,74.56,8.21,18.98,0.03,50.11,500.95
601,2025-11-05 12:00:00,18.79,28.34,30.0,67.8,7.13,19.18,0.03,50.1,592.02
602,2025-11-05 13:00:00,18.17,27.79,30.43,71.21,6.3,19.36,0.03,50.09,524.27
603,2025-11-05 14:00:00,19.18,28.17,30.45,72.46,6.79,19.28,0.03,50.36,265.72
604,2025-11-05 15:00:00,16.93,25.66,29.41,74.83,6.69,18.95,0.03,50.46,324.35
605,2025-11-05 16:00:00,16.36,24.82,28.58,77.19,6.56,18.82,0.03,50.38,170.45
606,2025-11-05 17:00:00,15.64,23.98,27.96,79.74,7.04,18.99,0.03,50.33,43.75
607,2025-11-05 18:00:00,19.63,28.72,27.37,83.45,7.33,19.31,0.03,50.29,19.48
608,2025-11-05 19:00:00,21.15,32.31,27.04,85.25,8.18,18.94,0.03,50.23,19.83
609,2025-11-05 20:00:00,22.41,35.06,26.81,84.84,8.17,19.18,0.03,50.18,20.65
610,2025-11-05 21:00:00,23.14,37.42,26.73,84.68,8.72,19.1,0.03,50.18,19.88
611,2025-11-05 22:00:00,22.75,35.91,26.54,84.9,10.12,19.11,0.03,50.17,20.68
612,2025-11-05 23:00:00,27.42,41.66,26.32,87.19,11.66,18.7,0.03,50.13,22.0
613,2025-11-06 00:00:00,26.3,41.29,26.29,88.26,10.35,18.93,0.03,50.13,21.98
614,2025-11-06 01:00:00,21.52,33.64,26.09,89.01,9.03,18.85,0.03,50.11,20.67
615,2025-11-06 02:00:00,25.58,41.43,25.71,90.55,9.82,19.13,0.03,50.1,20.23
616,2025-11-06 03:00:00,25.94,42.39,25.47,91.42,8.75,18.78,0.03,50.11,19.02
617,2025-11-06 04:00:00,21.44,32.77,25.31,91.53,10.03,18.93,0.03,50.11,19.85
618,2025-11-06 05:00:00,20.36,29.39,25.16,92.43,12.29,19.03,0.03,50.14,19.95
619,2025-11-06 06:00:00,24.45,41.88,24.95,94.18,12.24,18.72,0.03,50.15,22.4
620,2025-11-06 07:00:00,30.92,46.42,24.91,94.3,14.05,18.73,0.03,50.17,44.97
621,2025-11-06 08:00:00,35.54,50.06,25.39,92.12,12.88,18.88,0.03,50.12,76.75
622,2025-11-06 09:00:00,29.78,45.9,26.53,87.72,12.1,18.83,0.03,50.12,101.03
623,2025-11-06 10:00:00,28.02,43.81,28.12,81.56,9.91,18.99,0.03,50.11,153.6
624,2025-11-06 11:00:00,24.9,40.54,29.2,76.01,9.08,18.73,0.03,50.11,484.62
625,2025-11-06 12:00:00,24.64,40.56,29.89,72.29,7.5,19.24,0.03,50.1,440.9
626,2025-11-06 13:00:00,29.62,42.74,30.37,70.25,8.69,18.64,0.03,50.36,464.83
627,2025-11-06 14:00:00,26.48,41.12,30.38,71.79,8.91,19.16,0.03,50.1,412.97
628,2025-11-06 15:00:00,31.9,45.61,29.75,78.72,6.46,19.25,0.03,50.09,300.43
629,2025-11-06 16:00:00,36.53,50.38,28.84,80.88,6.38,19.04,0.03,50.09,146.45
630,2025-11-06 17:00:00,36.01,50.53,28.12,83.72,7.04,19.19,0.03,50.09,38.82
631,2025-11-06 18:00:00,36.04,51.58,27.65,85.83,8.37,18.98,0.03,50.09,19.7
632,2025-11-06 19:00:00,38.21,53.59,27.55,86.75,8.19,18.76,0.03,50.09,19.82
633,2025-11-06 20:00:00,37.79,53.92,27.42,88.17,8.37,18.91,0.03,50.09,20.5
634,2025-11-06 21:00:00,39.92,58.91,27.31,89.84,8.09,18.71,0.03,50.09,20.35
635,2025-11-06 22:00:00,40.79,58.92,27.21,90.72,8.08,19.24,0.03,50.09,20.15
636,2025-11-06 23:00:00,40.39,58.56,26.96,92.38,10.36,18.96,0.03,50.09,19.8
637,2025-11-07 00:00:00,40.89,60.24,26.88,92.66,13.57,19.09,0.03,50.09,20.8
638,2025-11-07 01:00:00,40.38,59.88,26.62,93.51,17.8,19.25,0.03,50.09,20.4
639,2025-11-07 02:00:00,41.53,61.96,26.46,93.18,14.68,19.18,0.03,50.09,20.92
640,2025-11-07 03:00:00,43.38,64.94,26.31,94.15,12.49,19.05,0.03,50.09,20.95
641,2025-11-07 04:00:00,44.39,66.73,26.12,94.11,11.87,18.82,0.03,50.09,20.73
642,2025-11-07 05:00:00,45.52,69.92,25.73,95.99,11.87,19.17,0.03,50.09,20.68
643,2025-11-07 06:00:00,48.14,74.57,25.52,97.25,12.04,18.77,0.03,50.09,21.8
644,2025-11-07 07:00:00,50.43,79.1,25.68,97.17,11.67,18.84,0.03,50.09,54.33
645,2025-11-07 08:00:00,42.67,64.97,26.29,95.28,9.89,19.05,0.03,50.09,98.12
646,2025-11-07 09:00:00,43.12,63.62,27.29,91.19,8.95,18.91,0.03,50.09,94.47
647,2025-11-07 10:00:00,40.82,59.86,29.08,79.62,9.04,18.95,0.03,50.09,145.35
648,2025-11-07 11:00:00,36.04,50.51,30.13,68.15,7.41,19.23,0.03,50.11,580.88
649,2025-11-07 12:00:00,33.77,45.19,30.8,60.43,8.36,18.8,0.03,50.09,569.4
650,2025-11-07 13:00:00,33.46,43.87,31.31,59.17,6.99,19.15,0.02,50.09,542.42
651,2025-11-07 14:00:00,33.55,44.47,31.06,60.83,6.4,18.68,0.02,50.09,467.22
652,2025-11-07 15:00:00,33.92,46.68,30.16,69.42,6.57,19.24,0.02,50.09,316.48
653,2025-11-07 16:00:00,28.42,41.92,29.55,71.92,6.89,19.0,0.03,50.11,151.8
654,2025-11-07 17:00:00,21.23,32.12,28.7,71.93,12.43,18.97,0.03,50.09,36.12
655,2025-11-07 18:00:00,21.79,33.11,28.14,76.02,10.16,18.83,0.03,50.08,17.8
656,2025-11-07 19:00:00,23.42,36.94,27.81,74.78,8.86,19.0,0.03,50.05,18.95
657,2025-11-07 20:00:00,30.43,44.55,27.53,73.87,9.02,18.77,0.03,50.04,19.5
658,2025-11-07 21:00:00,36.26,49.91,27.26,78.5,8.63,19.25,0.03,50.02,19.17
659,2025-11-07 22:00:00,40.63,56.45,26.96,80.21,12.8,18.9,0.03,50.05,19.27
660,2025-11-07 23:00:00,42.68,60.0,26.8,83.08,16.07,19.31,0.03,50.05,20.25
661,2025-11-08 00:00:00,36.9,51.33,26.76,80.5,11.18,19.25,0.03,50.05,22.42
662,2025-11-08 01:00:00,30.53,44.83,26.44,74.29,10.03,19.3,0.03,50.05,20.38
663,2025-11-08 02:00:00,36.29,49.71,25.84,75.49,12.39,18.74,0.03,50.07,19.6
664,2025-11-08 03:00:00,30.1,45.33,25.63,75.56,11.09,18.97,0.03,50.08,19.43
665,2025-11-08 04:00:00,29.87,45.76,25.26,76.39,12.37,19.05,0.03,50.09,20.15
666,2025-11-08 05:00:00,30.43,46.16,25.09,76.1,12.07,18.67,0.03,50.09,19.88
667,2025-11-08 06:00:00,32.21,47.45,24.83,75.85,14.77,18.72,0.03,50.1,21.5
668,2025-11-08 07:00:00,36.28,51.47,24.82,75.12,12.76,19.09,0.03,50.1,40.08
669,2025-11-08 08:00:00,36.03,50.85,25.67,70.73,13.76,19.26,0.03,50.09,58.98
670,2025-11-08 09:00:00,34.85,48.59,27.12,64.26,11.53,19.02,0.02,50.09,70.33
671,2025-11-08 10:00:00,31.76,44.83,28.92,60.11,10.82,18.58,0.02,50.09,127.97
672,2025-11-08 11:00:00,27.82,41.46,30.35,54.44,10.79,19.04,0.01,50.09,601.92
673,2025-11-08 12:00:00,25.37,39.53,31.11,51.6,10.07,18.96,0.01,50.09,585.88
674,2025-11-08 13:00:00,25.59,38.24,31.54,50.46,9.26,18.71,0.01,50.09,555.1
675,2025-11-08 14:00:00,20.91,29.04,31.39,49.44,8.07,19.04,0.01,50.09,501.38
676,2025-11-08 15:00:00,31.0,46.25,30.57,52.05,8.5,18.82,0.01,50.09,349.65
677,2025-11-08 16:00:00,29.76,42.85,29.62,56.79,9.83,19.15,0.01,50.09,177.93
678,2025-11-08 17:00:00,38.14,54.44,28.97,62.48,13.39,18.95,0.01,50.09,30.57
679,2025-11-08 18:00:00,32.55,45.72,28.34,69.97,16.08,19.05,0.01,50.05,15.53
680,2025-11-10 10:00:00,24.54,41.41,27.14,61.75,12.09,18.67,0.01,50.09,584.1
681,2025-11-10 11:00:00,25.05,42.56,28.61,57.73,11.54,18.63,0.01,50.09,460.05
